Timestamp,Are you left-handed?,Do you tend to ask questions a lot during exams?,Email Address
,,,
11/6/2024 16:07:47,1,1,hvardhin@uci.edu
1/3/2025 18:05:25,No,Yes,azngo@uci.edu
1/3/2025 20:19:52,No,No,xliang29@uci.edu
1/3/2025 21:01:17,Yes,Yes,jeffmd@uci.edu
1/4/2025 0:22:20,No,No,chiminh1@uci.edu
1/4/2025 0:28:46,No,No,ipnguye1@uci.edu
1/4/2025 11:12:21,No,No,ejhu2@uci.edu
1/4/2025 12:40:52,No,No,palwaip@uci.edu
1/4/2025 15:22:23,No,Yes,liangc30@uci.edu
1/4/2025 17:02:50,No,Yes,blien2@uci.edu
1/4/2025 18:22:04,No,No,brookh2@uci.edu
1/4/2025 19:02:12,No,No,kaylinqn@uci.edu
1/4/2025 21:34:15,No,No,lxlian@uci.edu
1/4/2025 23:51:47,No,No,namrathb@uci.edu
1/5/2025 0:44:36,Yes,No,bphoang@uci.edu
1/5/2025 9:40:22,No,Yes,chenjc5@uci.edu
1/5/2025 10:00:32,No,No,ehe7@uci.edu
1/5/2025 10:27:21,No,No,zixiaj@uci.edu
1/5/2025 11:32:14,No,No,rjobi@uci.edu
1/5/2025 14:35:41,No,No,seala@uci.edu
1/5/2025 16:50:32,No,No,haojuj2@uci.edu
1/5/2025 17:57:29,Yes,No,ekyu1@uci.edu
1/5/2025 18:55:23,No,No,phongtd1@uci.edu
1/5/2025 22:19:23,No,No,johnsp4@uci.edu
1/5/2025 22:21:33,No,No,chenyunr@uci.edu
1/23/2025 13:17:17,No,No,tonyhn3@uci.edu
1/5/2025 23:41:07,No,No,kylekd1@uci.edu
1/6/2025 11:02:43,No,No,shaileyj@uci.edu
1/6/2025 12:57:15,No,No,jcrenfro@uci.edu
1/23/2025 9:09:04,No,No,charliz4@uci.edu
1/6/2025 14:43:55,No,No,nmulvihi@uci.edu
1/6/2025 14:46:39,No,Yes,rlei5@uci.edu
1/6/2025 15:07:12,No,No,aisheekg@uci.edu
1/6/2025 15:56:01,No,No,pulijals@uci.edu
1/6/2025 17:16:20,Yes,No,louisdn@uci.edu
1/6/2025 18:17:43,No,No,tangja2@uci.edu
1/6/2025 18:25:09,No,No,tgcox@uci.edu
1/6/2025 19:16:42,No,No,jongmih1@uci.edu
1/6/2025 20:23:13,No,No,evanrg2@uci.edu
1/6/2025 23:00:55,No,No,shafinh@uci.edu
1/6/2025 23:23:10,No,Yes,waiy2@uci.edu
1/6/2025 23:45:29,No,No,juliuscy@uci.edu
1/7/2025 0:37:15,No,Yes,hcpeng@uci.edu
1/7/2025 7:43:34,No,No,urreak@uci.edu
1/7/2025 14:16:36,No,No,vickyz2@uci.edu
1/7/2025 17:37:41,No,No,chamarth@uci.edu
1/7/2025 20:15:07,No,No,marisw2@uci.edu
1/7/2025 23:07:41,No,No,vattre@uci.edu
1/8/2025 3:05:18,No,Yes,nickx1@uci.edu
1/8/2025 10:18:02,No,Yes,adhvaitr@uci.edu
1/8/2025 14:57:48,No,No,jcwijaya@uci.edu
1/8/2025 20:32:53,Yes,No,ifranque@uci.edu
1/12/2025 14:04:48,No,Yes,liubk2@uci.edu
1/12/2025 14:05:22,No,Yes,tjin13@uci.edu
1/13/2025 1:18:19,No,No,tagutie2@uci.edu
1/13/2025 13:57:28,No,No,darinl2@uci.edu
1/14/2025 14:47:27,No,Yes,jewany@uci.edu
1/16/2025 16:30:50,No,No,aidancd@uci.edu
1/21/2025 0:02:49,No,No,hyeonbeh@uci.edu
1/21/2025 0:03:31,No,Yes,ansurya@uci.edu
1/21/2025 0:04:58,No,No,yianl15@uci.edu
1/21/2025 0:05:26,No,No,dominmt2@uci.edu
1/21/2025 0:07:07,No,No,quangmn4@uci.edu
1/21/2025 0:08:09,No,Yes,aalqalla@uci.edu
1/21/2025 0:10:29,No,No,taiy3@uci.edu
1/21/2025 0:22:26,No,No,haoxul12@uci.edu
1/21/2025 0:25:23,No,Yes,adelger@uci.edu
1/21/2025 0:27:55,No,No,chene25@uci.edu
1/21/2025 0:31:03,No,No,gbluu@uci.edu
1/21/2025 0:36:45,No,No,cassiec3@uci.edu
1/21/2025 0:40:22,No,No,danihk15@uci.edu
1/21/2025 1:16:55,No,Yes,rojasjp@uci.edu
1/21/2025 1:18:18,Yes,No,wle7@uci.edu
1/21/2025 1:29:03,No,No,yuhongz7@uci.edu
1/21/2025 1:43:59,No,No,haoyanx5@uci.edu
1/21/2025 2:40:46,No,No,anmoua@uci.edu
1/21/2025 8:15:29,No,No,aparkhi1@uci.edu
1/21/2025 9:40:44,No,No,zhenyz25@uci.edu
1/21/2025 10:12:06,No,No,roberj4@uci.edu
1/21/2025 10:17:05,No,No,sshortri@uci.edu
1/21/2025 10:31:26,No,No,brcason@uci.edu
1/21/2025 10:56:14,No,No,tumk@uci.edu
1/21/2025 11:04:48,No,No,xiaoyh26@uci.edu
1/21/2025 11:09:36,No,No,lyallapr@uci.edu
1/21/2025 11:49:14,No,Yes,jimmyj3@uci.edu
1/21/2025 12:12:20,No,Yes,yushuh4@uci.edu
1/21/2025 12:40:57,No,No,psuthaha@uci.edu
1/21/2025 13:29:38,No,Yes,asajja@uci.edu
1/21/2025 19:55:34,No,No,calvincz@uci.edu
1/21/2025 20:54:00,No,No,rkuchi@uci.edu
1/21/2025 20:54:07,No,No,bkuchi@uci.edu
1/22/2025 13:43:16,No,No,lucycl@uci.edu
1/22/2025 14:32:45,No,No,snietsch@uci.edu
1/22/2025 17:32:14,Yes,Yes,makhanna@uci.edu
1/22/2025 20:48:21,No,Yes,zhengd7@uci.edu
1/22/2025 21:11:32,No,No,adrianyg@uci.edu
1/22/2025 23:23:00,No,No,shafayer@uci.edu
1/23/2025 8:28:06,No,No,tselvaku@uci.edu
1/23/2025 8:28:17,No,Yes,bhamids1@uci.edu
1/23/2025 8:28:30,No,No,wudw1@uci.edu
1/23/2025 8:28:35,No,No,pgollana@uci.edu
1/23/2025 8:28:55,No,Yes,hyunsul2@uci.edu
1/23/2025 8:29:10,No,No,naravind@uci.edu
1/23/2025 8:29:19,No,Yes,aidenhh@uci.edu
1/23/2025 8:29:29,No,No,asabaei@uci.edu
1/23/2025 8:29:31,No,No,aspalani@uci.edu
1/23/2025 8:30:05,No,Yes,mkquach@uci.edu
1/23/2025 8:29:59,No,Yes,vadebonm@uci.edu
1/23/2025 8:30:12,No,Yes,hurh1@uci.edu
1/23/2025 8:30:38,No,Yes,eppark@uci.edu
1/23/2025 8:31:51,No,No,kingmv@uci.edu
1/23/2025 8:32:11,No,Yes,oekram@uci.edu
1/23/2025 8:33:07,No,No,zoes1@uci.edu
1/23/2025 8:35:06,No,No,takumir@uci.edu
1/23/2025 8:38:20,No,Yes,agrawaa7@uci.edu
1/23/2025 8:42:14,No,No,kazutoh@uci.edu
1/23/2025 8:42:25,No,No,chakk@uci.edu
1/23/2025 8:43:10,No,No,aadia2@uci.edu
1/23/2025 8:43:36,No,No,ayyee@uci.edu
1/23/2025 8:44:13,No,Yes,sbhoang@uci.edu
1/23/2025 8:45:03,No,No,emmaz7@uci.edu
1/23/2025 8:57:23,No,No,jiah11@uci.edu
1/23/2025 8:57:28,No,No,kylesw1@uci.edu
1/23/2025 9:00:31,Yes,No,kylek11@uci.edu
1/23/2025 9:03:46,No,No,sathirum@uci.edu
1/23/2025 9:05:47,No,Yes,jgrotegu@uci.edu
1/23/2025 9:10:32,No,No,tangqinz@uci.edu
1/23/2025 9:11:53,No,No,kierannc@uci.edu
1/23/2025 9:14:21,No,No,asahara1@uci.edu
1/23/2025 9:16:32,No,Yes,dgershon@uci.edu
1/23/2025 9:21:06,No,Yes,samuedk1@uci.edu
1/23/2025 9:22:47,No,Yes,timmyp3@uci.edu
1/23/2025 9:23:23,No,No,jasontz@uci.edu
1/23/2025 9:32:15,No,No,owillard@uci.edu
1/23/2025 9:34:29,No,No,txsia@uci.edu
1/23/2025 9:39:20,No,No,rgellner@uci.edu
1/23/2025 9:39:29,No,Yes,aaronsw3@uci.edu
1/23/2025 9:44:52,No,Yes,schallag@uci.edu
1/23/2025 9:56:27,No,Yes,tanishs4@uci.edu
1/23/2025 10:02:18,No,No,luay5@uci.edu
1/23/2025 10:03:21,Yes,Yes,aidanmh@uci.edu
1/23/2025 10:06:41,No,Yes,myn13@uci.edu
1/23/2025 10:34:43,Yes,No,gguzmand@uci.edu
1/23/2025 10:36:04,No,No,jackieg4@uci.edu
1/23/2025 10:38:23,Yes,No,yangnx@uci.edu
1/23/2025 10:40:13,No,Yes,donghoy@uci.edu
1/23/2025 10:50:05,No,No,junhyep4@uci.edu
1/23/2025 10:59:22,No,Yes,wchiang5@uci.edu
1/23/2025 11:02:18,No,No,vardank@uci.edu
1/23/2025 11:04:12,No,Yes,gua6@uci.edu
1/23/2025 11:06:02,No,No,htalvare@uci.edu
1/23/2025 11:09:14,No,Yes,alzeng1@uci.edu
1/23/2025 11:21:50,No,No,jingc31@uci.edu
1/23/2025 11:27:29,No,No,mpkenned@uci.edu
1/23/2025 11:37:53,No,No,jaesunj@uci.edu
1/23/2025 11:41:37,Yes,No,kkatre@uci.edu
1/23/2025 11:49:08,No,Yes,akulkar6@uci.edu
1/23/2025 11:51:44,No,No,tkim12@uci.edu
1/23/2025 12:02:33,No,No,lucaterr@uci.edu
1/23/2025 12:29:14,No,No,liwy3@uci.edu
1/23/2025 13:20:58,No,No,tmta2@uci.edu
1/23/2025 13:28:45,No,No,inhah@uci.edu
1/23/2025 13:50:53,No,No,mmfarley@uci.edu
1/23/2025 14:02:20,No,No,devaneyd@uci.edu
1/23/2025 14:05:46,No,No,rvvo@uci.edu
1/23/2025 14:24:48,No,No,wmyatt@uci.edu
1/23/2025 14:24:52,No,No,antu2@uci.edu
1/23/2025 15:19:59,No,No,lvann@uci.edu
1/23/2025 15:36:24,No,No,rsastry1@uci.edu
1/23/2025 15:55:56,No,No,liudj5@uci.edu
1/23/2025 16:21:12,No,Yes,evys@uci.edu
1/23/2025 16:23:32,No,Yes,tonyyp7@uci.edu
1/23/2025 16:32:37,No,No,jasonbm2@uci.edu
1/23/2025 17:09:00,No,No,huynhs10@uci.edu
1/23/2025 17:57:17,No,No,languia3@uci.edu
1/23/2025 18:02:09,No,No,muzaffez@uci.edu
1/23/2025 18:02:18,No,Yes,rmurumka@uci.edu
1/23/2025 18:34:40,No,No,yua13@uci.edu
1/23/2025 18:39:21,No,Yes,yinjinc@uci.edu
1/23/2025 18:54:22,No,No,akamk@uci.edu
1/23/2025 19:06:20,No,No,wux44@uci.edu
1/23/2025 19:13:09,No,No,girisha1@uci.edu
1/23/2025 21:06:49,No,No,junejh@uci.edu
1/23/2025 21:10:30,No,No,kimkj3@uci.edu
1/23/2025 21:16:14,No,No,jrahim@uci.edu
1/23/2025 22:33:00,No,No,gyan10@uci.edu
1/24/2025 0:28:58,No,No,khuapaya@uci.edu
1/24/2025 9:53:19,No,No,beretana@uci.edu
1/24/2025 10:24:56,No,No,jlorozc2@uci.edu
1/24/2025 11:03:05,No,No,evienn@uci.edu
1/24/2025 11:07:42,No,No,alvinl22@uci.edu
1/24/2025 12:07:04,No,No,cgomezol@uci.edu
1/24/2025 12:38:56,No,No,karong@uci.edu
1/24/2025 13:58:28,No,Yes,chaujt1@uci.edu
1/24/2025 15:25:39,No,No,andrdn14@uci.edu
1/24/2025 15:39:55,No,No,itishreb@uci.edu
1/24/2025 16:06:04,No,No,ctsutton@uci.edu
1/24/2025 17:42:43,No,No,mittali1@uci.edu
1/24/2025 18:14:51,No,No,dhubschm@uci.edu
1/24/2025 19:01:17,No,No,adarsv1@uci.edu
1/24/2025 19:14:47,No,No,sinhav2@uci.edu
1/24/2025 20:57:28,No,No,eliasy2@uci.edu
1/24/2025 23:40:25,No,Yes,hongnn6@uci.edu
1/25/2025 8:22:41,No,No,katelykv@uci.edu
1/25/2025 9:11:59,No,Yes,vanyaa@uci.edu
1/25/2025 9:40:00,No,No,ddelatob@uci.edu
1/25/2025 14:50:35,No,No,noahys@uci.edu
1/25/2025 15:17:25,No,Yes,jgarling@uci.edu
1/25/2025 16:29:17,No,No,hchishti@uci.edu
1/25/2025 16:59:25,No,No,lutaoz@uci.edu
1/25/2025 17:13:56,No,Yes,rbiglou@uci.edu
1/25/2025 17:26:16,Yes,No,avollom@uci.edu
1/25/2025 19:30:27,Yes,Yes,dstauffe@uci.edu
1/25/2025 19:53:13,No,No,dalens@uci.edu
1/25/2025 20:32:22,Yes,No,shayleec@uci.edu
1/25/2025 21:06:09,No,Yes,xianzhj1@uci.edu
1/25/2025 21:38:32,No,Yes,seungl25@uci.edu
1/25/2025 22:54:50,Yes,No,cpsalaz1@uci.edu
1/25/2025 23:13:06,Yes,No,anthopn5@uci.edu
1/25/2025 23:17:39,No,No,ikotalwa@uci.edu
1/26/2025 13:27:20,No,No,vtlu1@uci.edu
1/26/2025 18:38:49,No,No,liuy78@uci.edu
1/26/2025 20:34:47,No,Yes,azzhang1@uci.edu
1/27/2025 2:21:46,No,No,jordonx@uci.edu
1/27/2025 11:00:42,Yes,No,falshaid@uci.edu
1/27/2025 11:15:27,No,No,sumyic@uci.edu